beta_t,beta,best_actor_num,mean-okl/0,mean-bkl/0,mean-okl/1,mean-bkl/1,mean-okl/2,mean-bkl/2,mean-okl/3,mean-bkl/3,return-average/0,episode-length-avg/0,return-average/1,episode-length-avg/1,return-average/2,episode-length-avg/2,return-average/3,episode-length-avg/3,return-average,time-eval,time-total,epoch,avg-path-return/0,total-samples/0,avg-path-return/1,total-samples/1,avg-path-return/2,total-samples/2,avg-path-return/3,total-samples/3
1,1,0,nan,nan,nan,nan,nan,nan,nan,nan,934.4852996544736,1000.0,822.7162678568017,1000.0,912.6099792110296,1000.0,916.3354242266075,1000.0,896.536742737228,0,77.13697769783903,0,-19.997591086042437,1000.0,-14.55918821065327,1000.0,-28.194988472249502,1000.0,-15.896765996522484,1000.0
1,1,0,nan,nan,nan,nan,nan,nan,nan,nan,936.2428245916668,1000.0,821.8112485981076,1000.0,918.2513918760117,1000.0,914.5866030406096,1000.0,897.7230170265989,0,152.91407476481982,4,-13.572069999055017,2000.0,-40.59467455452913,2000.0,-26.199798768064266,2000.0,-49.71124042753646,2000.0
0.5,0.5,1,0.046324715,0.06788315,0.0591381,0.0591381,0.046664078,0.0693301,0.051773697,0.07625286,623.2240383060765,1000.0,653.4367284343756,901.6,547.3883222851653,1000.0,701.4123263759683,1000.0,631.3653538503964,75.78229021700099,439.41326000203844,8,-64.08383940091815,3000.0,-41.06241129046633,3000.0,-28.797024943431655,3000.0,-25.631517661061174,3000.0
